"FirstName","LastName","Age","Phone"
"Ellia","Barnes","26","388-1015-12"
"Alen","Baker","22","356-8609-52"
"Brooke","Dixon","21","346-6897-88"
"Sydney","Casey","19","514-2275-84"
"Olivia","Morrison","23","028-7975-65"
"Alissa","Wells","24","576-0393-10"
"Rafael","Warren","26","723-8088-10"
"Derek","Kelley","24","375-5494-11"
"Chester","Evans","27","650-2346-09"
"Annabella","Richardson","18","095-6250-29"
"Blake","Bennett","23","314-1768-58"
"Alexander","Hall","28","404-4329-23"
"Byron","Hunt","23","230-8924-94"
"Sawyer","Robinson","28","931-0498-43"
"Savana","Alexander","26","858-5355-14"
"Aida","Bennett","21","084-2623-99"
"Alford","Thomas","27","496-0935-74"
"Brad","Moore","25","718-0340-03"
"Lyndon","Lloyd","18","210-6238-86"
"Grace","Craig","25","056-0978-04"
"John","Moore","21","990-9968-09"
"Walter","Martin","29","046-5251-57"
"Arianna","Carter","29","060-7266-13"
"Abraham","Adams","19","988-1373-88"
"James","Watson","24","230-6247-07"
"Aldus","Myers","30","658-1128-98"
"Miley","Carter","29","736-8457-48"
"Fiona","Wilson","28","943-5327-08"
"Lenny","Harper","30","529-1753-85"
"Frederick","Bennett","25","700-4335-48"
"Preston","Armstrong","27","160-6211-90"
"Ellia","Hamilton","19","758-7884-63"
"Tyler","Adams","30","413-7135-93"
"Jordan","Carter","18","826-9215-94"
"Anna","Hill","25","767-4268-35"
"Melissa","Walker","27","959-4376-64"
"Emily","Foster","24","612-5007-06"
"Dominik","Richardson","22","934-5472-07"
"George","Jones","19","168-9812-24"
"David","Cooper","30","769-8787-91"
"Edwin","Walker","20","592-8549-25"
"Emma","Brown","23","776-1968-98"
"Adele","Brooks","25","623-3386-25"
"Elian","Hall","25","776-8992-07"
"Andrew","Cunningham","23","399-1378-70"
"Leonardo","Elliott","22","685-7770-42"
"Stuart","Baker","29","758-6723-78"
"Edward","Gray","24","551-6965-71"
"Paige","Gibson","19","551-9659-56"
"Brad","Chapman","22","162-5442-87"
"Steven","Wilson","28","882-1262-36"
"Alen","Brown","26","025-4421-04"
"Arnold","Tucker","23","579-7510-75"
"Alisa","Craig","21","528-1884-11"
"Maddie","Martin","21","860-8988-81"
"Sofia","Alexander","23","595-5256-55"
"Julian","Armstrong","19","491-1177-47"
"Adele","Fowler","26","662-3466-44"
"Vanessa","Turner","25","472-8104-20"
"Marcus","Bailey","24","252-2527-92"
"Ellia","Hall","28","003-6837-09"
"Jack","Richards","24","872-2162-81"
"Amelia","Chapman","27","115-6331-14"
"Marcus","Murray","27","158-7005-85"
"Charlotte","Hunt","26","818-3321-30"
"Catherine","Thompson","24","678-7455-02"
"Robert","Davis","19","556-2295-65"
"Adam","Harris","28","482-5740-64"
"Harold","Anderson","24","257-7389-01"
"Miranda","Mason","19","955-8366-86"
"Blake","Anderson","18","469-0080-78"
"Jessica","Harris","26","708-6380-27"
"Edith","Miller","24","970-5838-00"
"Roland","Barnes","26","329-0325-80"
"Tony","Phillips","29","262-4507-69"
"Alan","Barrett","27","024-3351-23"
"Jordan","Wells","21","074-2486-41"
"April","Tucker","18","085-2756-09"
"Ellia","Grant","25","283-8802-18"
"Belinda","Edwards","30","518-4629-51"
"Penelope","Payne","24","046-5263-13"
"Elise","Wilson","22","558-9381-26"
"Maddie","Hunt","28","388-9553-56"
"Ada","Harrison","23","290-7960-69"
"Isabella","Ferguson","22","044-1090-39"
"Owen","Bennett","19","384-4932-68"
"Darcy","Bennett","26","373-8691-66"
"Spike","Smith","29","332-1799-38"
"Charlie","Cameron","22","706-5178-75"
"Max","Baker","21","456-0162-08"
"Chelsea","Ryan","28","971-6517-25"
"Natalie","Russell","21","447-9552-62"
"Martin","Alexander","24","064-0202-62"
"Briony","Phillips","23","513-3080-11"
"Alexander","Taylor","29","177-7784-77"
"Ellia","Brooks","24","958-1591-88"
"Alberta","Ferguson","26","677-6430-92"
"Natalie","Ross","19","659-0162-97"
"Tiana","Harris","26","668-2369-89"
"Jack","Holmes","19","192-5194-60"
