"First Name","Last Name","first","second","third"
"Lucy","Armstrong","emtncexxyq","ovezswvd","qmsfiy"
"Antony","Morrison","ujbhpixgnx","naepsjne","zdupez"
"Michael","Tucker","tmffbqadda","pvtdzoqy","nmxnzp"
"Carl","Holmes","yxjxlcsrfo","osjzmnqa","zacexn"
"Florrie","Dixon","hphinejjyg","hfvpwrkr","moaxci"
"Sophia","Wells","dqfizcajid","jnuifqwg","zmsflv"
"Roman","Miller","krqwsydyce","hlplmqpu","pibbfi"
"Owen","Morris","xjmfgqjihg","czhpiqym","yzcsmi"
"Hailey","Thompson","abwrmtzemw","wnxlxilc","josbqo"
"Lana","Holmes","jmiwqyxkej","cdqserbr","ljixfc"
"Ashton","Johnston","bebfbwbtug","suyzuxxb","iewcsg"
"Amber","Watson","akqdgmkmgj","wterqpgb","obtqwh"
"Melissa","Scott","vxrnxdataf","zumeslyq","qgefpy"
"Alina","Taylor","kabilpwlxp","wympwvee","lbqbef"
"Marcus","Myers","bjdzdciqzj","qiuxpnvr","odlcme"
"Vanessa","Edwards","hmaogymivd","alimjeup","vyqncf"
"Maximilian","Farrell","fdlafzeeoc","axkglkcx","xypgfj"
"Reid","Barrett","snmzsgrpvh","mtagjwfa","qhvsit"
"Max","Watson","soxgquutue","slnfhlxl","qkpbiq"
"Jack","Andrews","biveyasrpx","sbpuaisd","zuprtx"
"Paul","Perkins","fobugbjrfc","xihjseut","oobrll"
"Frederick","Smith","cneiltokmh","bccnurtm","yckrtk"
"Alen","Watson","vrfgszvmgl","dndqjxmv","erurdw"
"Sam","Scott","bptkkabcdn","tmsbyaqq","bxnxra"
"Ellia","Allen","zqjfucsqpt","vtkvppzt","agdavo"
"Adelaide","Douglas","lcjhutoxbj","bsypezaj","epiluu"
"Sarah","Higgins","qecabwhrqa","hudaqofn","trlbpl"
"Rafael","Montgomery","sehroueqbv","nrriqnnn","laaxgn"
"Sawyer","Moore","ujbipeyfyt","zxzoexqv","yqutvu"
"Caroline","Ferguson","kyiprmknqg","vzytupdh","nqycdd"
"Stella","Hawkins","lleoubgiwg","knxhijas","dprwvp"
"Ryan","Campbell","izhrpoynaf","tnmkohnu","grwnvn"
"Alexia","Harper","xpwoqplypn","jyfdiuvf","ncrbau"
"David","Mitchell","sbuykhruzz","fkgtpuna","szxdxn"
"Maya","Edwards","nglxmhcpnj","hhuwhviq","awwtun"
"Lily","Morris","hwulprpmuc","lvhoolgc","vbzats"
"Sophia","Richardson","ykbftqaksk","mtsnpxid","yaaeio"
"Aida","Carroll","fatqocvxhl","ahtryvpm","ynatph"
"Lana","Cunningham","lnadbxwvef","ggaatcls","uuponn"
"Sam","Murray","fmxtxhiedw","acfaigls","zgbnjz"
